Entry	Protein names	Gene Names	Organism	Length	Domain [FT]	Gene Ontology (biological process)
A0A1C3NEV1	Phosphatidylethanolamine transferase Mcr-2 (EC 2.7.8.43) (Polymyxin resistance protein MCR-2)	mcr2 mcr-2 QDW62_28200	Escherichia coli	538		lipopolysaccharide core region biosynthetic process [GO:0009244]; response to antibiotic [GO:0046677]
A8C927	16S rRNA (adenine(1408)-N(1))-methyltransferase (EC 2.1.1.180) (16S rRNA m1A1408 methyltransferase)	npmA	Escherichia coli	219		methylation [GO:0032259]; response to antibiotic [GO:0046677]
P06736	Protein-lysine myristoyltransferase HlyC (EC 2.3.1.-) (Hemolysin C) (Hemolysin-activating lysine-acyltransferase HlyC) (Toxin-activating protein C, PHLY152)	hlyC	Escherichia coli	170		killing of cells of another organism [GO:0031640]; toxin metabolic process [GO:0009404]
P09983	Hemolysin, chromosomal	hlyA	Escherichia coli	1023		hemolysis in another organism [GO:0044179]; protein secretion by the type I secretion system [GO:0030253]
P13988	Transposon Tn7 transposition protein TnsA (Restriction enzyme-like endonuclease TnsA) (EC 3.1.21.-)	tnsA	Escherichia coli	273		DNA transposition [GO:0006313]
P16114	DNA-binding dual transcriptional regulator Rns (Regulatory protein Rns)	rns	Escherichia coli	265	"DOMAIN 164..261; /note=""HTH araC/xylS-type""; /evidence=""ECO:0000255|PROSITE-ProRule:PRU00593"""	
P22997	Protein ParB (EC 3.1.-.-) (EC 3.1.12.-)	parB	Escherichia coli	177	"DOMAIN 27..157; /note=""TNase-like""; /evidence=""ECO:0000255|PROSITE-ProRule:PRU00272"""	plasmid partitioning [GO:0030541]
P62593	Beta-lactamase TEM (EC 3.5.2.6) (IRT-4) (Penicillinase) (TEM-1) (TEM-16/CAZ-7) (TEM-2) (TEM-24/CAZ-6) (TEM-3) (TEM-4) (TEM-5) (TEM-6) (TEM-8/CAZ-2)	bla; blaT-3; blaT-4; blaT-5; blaT-6	Escherichia coli	286		beta-lactam antibiotic catabolic process [GO:0030655]; response to antibiotic [GO:0046677]
Q03155	Autotransporter adhesin AIDA-I (Adhesin involved in diffuse adherence) (AIDA) [Cleaved into: Adhesin AIDA-I; AIDA-I translocator (AIDAc)]	aidA aidA-I	Escherichia coli	1286	"DOMAIN 998..1286; /note=""Autotransporter""; /evidence=""ECO:0000255|PROSITE-ProRule:PRU00556"""	cell adhesion [GO:0007155]
Q46731	Transposase for transposon Tn5 (EC 3.1.-.-) (Tnp)	tnpA tnp	Escherichia coli	476		DNA transposition [GO:0006313]
Q47098	4-hydroxy-2-oxo-heptane-1,7-dioate aldolase (EC 4.1.2.52) (2,4-dihydroxyhept-2-ene-1,7-dioic acid aldolase) (HHED aldolase) (4-hydroxy-2-ketoheptane-1,7-dioate aldolase) (HKHD aldolase)	hpcH hpaI	Escherichia coli	262		4-hydroxyphenylacetate catabolic process [GO:1901023]; phenylacetate catabolic process [GO:0010124]
Q6E7F1	dTDP-fucopyranose mutase (EC 5.4.99.59) (dTDP-alpha-D-fucopyranose mutase)	fcf2	Escherichia coli	377		fucose biosynthetic process [GO:0042353]; O antigen biosynthetic process [GO:0009243]
Q6TDU5	Multifunctional conjugation protein TraI [Includes: DNA relaxase TraI (EC 5.6.2.-) (DNA nickase TraI) (Trans-esterase TraI); DNA helicase I (EC 5.6.2.3) (DNA 5'-3' helicase TraI)]	traI	Escherichia coli	1756		
Q9X2V7	Microcin J25 (MccJ25) (Class II lasso peptide) (Ribosomally synthesized and post-translationally modified peptide) (RiPP)	mcjA	Escherichia coli	58		defense response to bacterium [GO:0042742]; killing of cells of another organism [GO:0031640]
A6M9B7	O-antigen biosynthesis glycosyltransferase WclY (EC 2.4.1.-) (Alpha-1,4-glucosyltransferase) (Glucosyltransferase) (Glc-T) (Glycosyltransferase)	wclY wbeC D4U49_09000 D9J61_15030 NCTC8500_02134 NCTC9117_02549	Escherichia coli	353		Gram-negative-bacterium-type cell outer membrane assembly [GO:0043165]; lipopolysaccharide biosynthetic process [GO:0009103]; O antigen biosynthetic process [GO:0009243]
J7I4B7	O-antigen chain terminator bifunctional methyltransferase/kinase WbdD [Includes: 3-O-phospho-polymannosyl GlcNAc-diphospho-ditrans,octacis-undecaprenol 3-phospho-methyltransferase (EC 2.1.1.294); Polymannosyl GlcNAc-diphospho-ditrans,octacis-undecaprenol kinase (EC 2.7.1.181)]	wbdD	Escherichia coli	708		methylation [GO:0032259]; O antigen biosynthetic process [GO:0009243]
M4QN28	Serotype-specific mannosyltransferase WbdA (EC 2.4.1.371) (Bifunctional alpha-(1->2), alpha-(1->3)-mannosyltransferase) (O-antigen chain mannosyltransferase A) (Polymannosyl GlcNAc-diphospho-ditrans,octacis-undecaprenol 2,3-alpha-mannosylpolymerase) [Includes: alpha-(1->2)-mannosyltransferase; alpha-(1->3)-mannosyltransferase]	wbdA mtfA	Escherichia coli	840		O antigen biosynthetic process [GO:0009243]
P07676	Plasmid replication initiator protein TrfA	trfA	Escherichia coli	382		DNA replication [GO:0006260]; plasmid maintenance [GO:0006276]
P0C002	Dihydropteroate synthase type-1 (EC 2.5.1.15) (Dihydropteroate pyrophosphorylase type I) (Dihydropteroate synthase type I) (DHPS)	sul1 sulI	Escherichia coli	279	"DOMAIN 1..258; /note=""Pterin-binding""; /evidence=""ECO:0000255|PROSITE-ProRule:PRU00334"""	folic acid biosynthetic process [GO:0046656]; response to antibiotic [GO:0046677]; tetrahydrofolate biosynthetic process [GO:0046654]
P13658	DNA relaxase MbeA (EC 5.6.2.1) (DNA nickase) (Mobilization protein MbeA)	mbeA	Escherichia coli	517		
P13989	Transposon Tn7 transposition protein TnsB	tnsB	Escherichia coli	702	"DOMAIN 262..480; /note=""Integrase catalytic""; /evidence=""ECO:0000255|PROSITE-ProRule:PRU00457"""	DNA integration [GO:0015074]; DNA transposition [GO:0006313]
P28585	Beta-lactamase CTX-M-1 (EC 3.5.2.6) (Beta-lactamase MEN-1) (Cefotaximase 1)	bla men1	Escherichia coli	291		beta-lactam antibiotic catabolic process [GO:0030655]; response to antibiotic [GO:0046677]
Q47454	Copper resistance protein C	pcoC	Escherichia coli	126		copper ion transport [GO:0006825]; response to copper ion [GO:0046688]
O50333	Type IV secretion system protein TrwI	trwI virB6	Escherichia coli	342		protein secretion by the type IV secretion system [GO:0030255]
P00383	Dihydrofolate reductase type 2 (EC 1.5.1.3) (Dihydrofolate reductase type II)		Escherichia coli	78		one-carbon metabolic process [GO:0006730]; response to antibiotic [GO:0046677]; response to methotrexate [GO:0031427]; response to xenobiotic stimulus [GO:0009410]; tetrahydrofolate biosynthetic process [GO:0046654]
P00646	Colicin E3 (EC 4.6.1.-) (Colicin E3 A chain) (colE3) (Ribonuclease)	ceaC col	Escherichia coli	551		defense response to bacterium [GO:0042742]; killing of cells of another organism [GO:0031640]
P06717	Heat-labile enterotoxin A chain (LT-A, porcine) (LTP-A)	eltA ltpA	Escherichia coli	258		
P07112	Mobilization protein A (DNA strand transferase) [Includes: DNA relaxase (EC 5.6.2.1) (DNA nickase); DNA primase (EC 2.7.7.101)]	mobA repB	Escherichia coli	709		
P09883	Colicin-E9 (EC 3.1.-.-)	col cei	Escherichia coli	582		defense response to bacterium [GO:0042742]; killing of cells of another organism [GO:0031640]
Q47692	Temperature-sensitive hemagglutinin tsh autotransporter (EC 3.4.21.-) (Autotransporter tsh) [Cleaved into: Temperature-sensitive hemagglutinin tsh; Temperature-sensitive hemagglutinin tsh translocator]	tsh	Escherichia coli	1377	"DOMAIN 53..302; /note=""Peptidase S6""; /evidence=""ECO:0000255|PROSITE-ProRule:PRU01028""; DOMAIN 1111..1377; /note=""Autotransporter""; /evidence=""ECO:0000255|PROSITE-ProRule:PRU00556"""	proteolysis [GO:0006508]
Q6EZC3	Subtilase cytotoxin subunit B	subB	Escherichia coli	141		
Q6XGD8	Cyclic GMP-AMP synthase (c-GAMP synthase) (c-GMP-AMP synthase) (EC 2.7.7.-) (3'3'-cGAMP synthase) (CD-NTase001) (Ec-DncV)	dncV DU321_04130	Escherichia coli	432		defense response to virus [GO:0051607]; nucleotide metabolic process [GO:0009117]
Q93K96	Autotransporter heptosyltransferase Aah (EC 2.4.99.-) (AIDA-associated heptosyltransferase) (Autotransporter adhesin heptosyltransferase)	aah	Escherichia coli	391		lipopolysaccharide core region biosynthetic process [GO:0009244]
A0A649V088	Beta-lactamase CTX-M-14 (EC 3.5.2.6) (Cefotaximase 14)	bla blaCTX-M blaCTX-M-14	Escherichia coli	291		beta-lactam antibiotic catabolic process [GO:0030655]; response to antibiotic [GO:0046677]
O88093	Hemoglobin-binding protease hbp autotransporter (EC 3.4.21.-) [Cleaved into: Hemoglobin-binding protease hbp; Hemoglobin-binding protease hbp translocator (Helper peptide)]	hbp	Escherichia coli	1377	"DOMAIN 53..302; /note=""Peptidase S6""; /evidence=""ECO:0000255|PROSITE-ProRule:PRU01028""; DOMAIN 1111..1377; /note=""Autotransporter""; /evidence=""ECO:0000255|PROSITE-ProRule:PRU00556"""	proteolysis [GO:0006508]
P04390	Type II restriction enzyme EcoRV (R.EcoRV) (EC 3.1.21.4) (Endonuclease EcoRV) (Type-2 restriction enzyme EcoRV)	ecoRVR	Escherichia coli	245		DNA restriction-modification system [GO:0009307]
P06875	Penicillin G acylase (EC 3.5.1.11) (Penicillin G amidase) (Penicillin G amidohydrolase) [Cleaved into: Penicillin G acylase subunit alpha; Penicillin G acylase subunit beta]	pac	Escherichia coli	846		antibiotic biosynthetic process [GO:0017000]; response to antibiotic [GO:0046677]
P0DUW5	Protein-glutamine deamidase Cif (EC 3.5.1.44) (Cycle-inhibiting factor)	cif	Escherichia coli	282		symbiont-mediated perturbation of host cell cycle progression [GO:0044071]
P10486	Type I restriction enzyme EcoR124I/EcoR124II endonuclease subunit (EcoR124I/EcoR124II) (R protein) (EC 3.1.21.3) (Type I restriction enzyme EcoR124/EcoR124/3 endonuclease subunit) (Type I restriction-modification enzyme EcoR124I/EcoR124II HsdR endonuclease subunit) (HsdR)	hsdR hsr	Escherichia coli	1038	"DOMAIN 294..439; /note=""Helicase ATP-binding""; /evidence=""ECO:0000255|PROSITE-ProRule:PRU00541"""	DNA restriction-modification system [GO:0009307]
Q04230	Type IV secretion system-coupling protein TrwB (EC 3.6.4.6) (Conjugative coupling protein TrwB) (DNA-dependent ATPase) (Type IV coupling protein) (T4CP)	trwB virD4	Escherichia coli	507		
Q6E7F2	dTDP-4-dehydro-6-deoxyglucose reductase (EC 1.1.1.266) (dTDP-4-dehydro-6-deoxy-D-glucose reductase) (dTDP-4-keto-6-deoxyglucose reductase) (dTDP-6-deoxy-D-xylo-hex-4-ulopyranose reductase)	fcf1	Escherichia coli	316		fucose biosynthetic process [GO:0042353]; O antigen biosynthetic process [GO:0009243]
Q6EZC2	Subtilase cytotoxin subunit A (EC 3.4.21.-)	subA	Escherichia coli	347	"DOMAIN 24..327; /note=""Peptidase S8""; /evidence=""ECO:0000255|PROSITE-ProRule:PRU01240"""	proteolysis [GO:0006508]
Q8KSA6	Beta-lactamase CTX-M-25 (EC 3.5.2.6) (Cefotaximase 25)	bla blactx-m-25	Escherichia coli	291		beta-lactam antibiotic catabolic process [GO:0030655]; response to antibiotic [GO:0046677]
Q9MCI8	Immunoglobulin-binding protein EibD (Trimeric autotransporter adhesin EibD) (TAA EibD) (Type 5 secretion system autotransporter EibD)	eibD	Escherichia coli	511		protein secretion by the type V secretion system [GO:0046819]
A0A0R6L508	Phosphatidylethanolamine transferase Mcr-1 (EC 2.7.8.43) (Polymyxin resistance protein MCR-1)	mcr1 mcr-1 APZ14_31440	Escherichia coli	541		lipopolysaccharide core region biosynthetic process [GO:0009244]; response to antibiotic [GO:0046677]
O50337	Type IV secretion system protein TrwE	trwE virB10	Escherichia coli	395		
P00642	Type II restriction enzyme EcoRI (R.EcoRI) (EC 3.1.21.4) (Endonuclease EcoRI) (Type-2 restriction enzyme EcoRI)	ecoRIR	Escherichia coli	277		DNA restriction-modification system [GO:0009307]
P08692	Arsenate reductase (EC 1.20.4.1) (Arsenical pump modifier)	arsC	Escherichia coli	141		response to arsenic-containing substance [GO:0046685]
P0DV24	Cytidylate cyclase (EC 4.6.1.6) (Cyclic CMP synthase) (cCMP synthase) (EcPycC)	pycC Ga0132381_1285	Escherichia coli	450	"DOMAIN 97..236; /note=""Guanylate cyclase""; /evidence=""ECO:0000255|PROSITE-ProRule:PRU00099"""	defense response to virus [GO:0051607]; intracellular signal transduction [GO:0035556]
P13661	Beta-lactamase OXA-1 (EC 3.5.2.6) (Penicillinase)	OXA-1 bla OXA-30 oxa1	Escherichia coli	276		antibiotic catabolic process [GO:0017001]; response to antibiotic [GO:0046677]
Q5U7L7	Metallo-beta-lactamase VIM-2 (EC 3.5.2.6) (Verona imipenemase 2) (Verona integron-encoded metallo-beta-lactamase 2)	VIM-2 blaVIM-2 VIM2	Escherichia coli	266		antibiotic catabolic process [GO:0017001]; response to antibiotic [GO:0046677]
C0HMD9	Dihydropteroate synthase type-3 (DHPS) (EC 2.5.1.15) (Dihydropteroate pyrophosphorylase type III) (Dihydropteroate synthase type III)	sul3	Escherichia coli	263	"DOMAIN 2..257; /note=""Pterin-binding""; /evidence=""ECO:0000255|PROSITE-ProRule:PRU00334"""	folic acid biosynthetic process [GO:0046656]; response to antibiotic [GO:0046677]
P00382	Dihydrofolate reductase type 1 (EC 1.5.1.3) (Dihydrofolate reductase type I) (Trimethoprim resistance protein)	dhfrI	Escherichia coli	157	"DOMAIN 2..156; /note=""DHFR""; /evidence=""ECO:0000255|PROSITE-ProRule:PRU00660"""	dihydrofolate metabolic process [GO:0046452]; folic acid metabolic process [GO:0046655]; one-carbon metabolic process [GO:0006730]; response to antibiotic [GO:0046677]; response to methotrexate [GO:0031427]; tetrahydrofolate biosynthetic process [GO:0046654]
P00551	Aminoglycoside 3'-phosphotransferase (EC 2.7.1.95) (APH(3')-I) (APH(3')I) (Kanamycin kinase, type I) (Neomycin-kanamycin phosphotransferase type I)	aphA1 nptI	Escherichia coli	271		response to antibiotic [GO:0046677]
P07965	Heat-stable enterotoxin A3/A4 (ST-H) (ST-IB) (STA3/STA4) (Linaclotide)	sta3 sta4	Escherichia coli	72		
P08716	Alpha-hemolysin translocation ATP-binding protein HlyB	hlyB	Escherichia coli	707	"DOMAIN 3..125; /note=""Peptidase C39""; /evidence=""ECO:0000255|PROSITE-ProRule:PRU00362""; DOMAIN 154..436; /note=""ABC transmembrane type-1""; /evidence=""ECO:0000255|PROSITE-ProRule:PRU00441""; DOMAIN 468..703; /note=""ABC transporter""; /evidence=""ECO:0000255|PROSITE-ProRule:PRU00362, ECO:0000255|PROSITE-ProRule:PRU00434"""	protein secretion by the type I secretion system [GO:0030253]; proteolysis [GO:0006508]
P0ACT4	Tetracycline repressor protein class D	tetR	Escherichia coli	218	"DOMAIN 3..63; /note=""HTH tetR-type""; /evidence=""ECO:0000255|PROSITE-ProRule:PRU00335"""	negative regulation of DNA-templated transcription [GO:0045892]; response to antibiotic [GO:0046677]
P0AG05	Aminoglycoside (3'') (9) adenylyltransferase (EC 2.7.7.47) (Aminoglycoside 3''-adenylyltransferase) (AAD(3'') (9) adenylyltransferase) (Streptomycin 3''-adenylyltransferase)	aadA	Escherichia coli	263		response to antibiotic [GO:0046677]
P0C8J7	D-tagatose-1,6-bisphosphate aldolase subunit GatY (TBPA) (TagBP aldolase) (EC 4.1.2.40) (D-tagatose-bisphosphate aldolase class II) (Tagatose-bisphosphate aldolase)	gatY	Escherichia coli	284		D-tagatose 6-phosphate catabolic process [GO:2001059]; galactitol catabolic process [GO:0019404]
P30000	Sucrose permease (Sucrose transport protein)	cscB	Escherichia coli	415		sucrose metabolic process [GO:0005985]
P37352	Homoprotocatechuate catabolism bifunctional isomerase/decarboxylase [Includes: 2-hydroxyhepta-2,4-diene-1,7-dioate isomerase (HHDD isomerase) (EC 5.3.3.10) (5-carboxymethyl-2-hydroxymuconate Delta-isomerase); 5-carboxymethyl-2-oxo-hex-3-ene-1,7-dioate decarboxylase (EC 4.1.1.68) (5-oxopent-3-ene-1,2,5-tricarboxylate decarboxylase) (OPET decarboxylase)]	hpcE	Escherichia coli	427		4-hydroxyphenylacetate catabolic process [GO:1901023]
P43528	Heat-labile enterotoxin IIB, A chain (LT-IIB)		Escherichia coli	263		
Q05354	5-carboxymethyl-2-hydroxymuconate Delta-isomerase (EC 5.3.3.10) (5-carboxymethyl-2-hydroxymuconic acid isomerase) (CHM isomerase) (CHMI)	hpcD	Escherichia coli	126		
Q47200	F17b-G fimbrial adhesin	f17bG	Escherichia coli	343		adhesion of symbiont to host [GO:0044406]; cell adhesion involved in single-species biofilm formation [GO:0043709]
Q9LA56	Immunoglobulin-binding protein EibC (Trimeric autotransporter adhesin EibC) (TAA EibC) (Type 5 secretion system autotransporter EibC)	eibC	Escherichia coli	504		protein secretion by the type V secretion system [GO:0046819]
O32591	Serine protease EspP (EC 3.4.21.-) [Cleaved into: Secreted autotransporter protein EspP (Extracellular serine protease plasmid-encoded EspP); Autotransporter protein EspP translocator]	espP pssA	Escherichia coli	1300	"DOMAIN 57..311; /note=""Peptidase S6""; /evidence=""ECO:0000255|PROSITE-ProRule:PRU01028""; DOMAIN 1034..1300; /note=""Autotransporter""; /evidence=""ECO:0000255|PROSITE-ProRule:PRU00556"""	proteolysis [GO:0006508]
P0C8F0	Catalase-peroxidase (CP) (EC 1.11.1.21) (Peroxidase/catalase)	katG katP	Escherichia coli	736		cellular response to hydrogen peroxide [GO:0070301]; hydrogen peroxide catabolic process [GO:0042744]
P10484	Type I restriction enzyme EcoR124I/EcoR124II methylase subunit (M protein) (EC 2.1.1.72) (Type I methyltransferase M.EcoR124II) (M.EcoR124II) (Type I restriction enzyme EcoR124I/EcoR124/3 methylase subunit)	hsdM hsm	Escherichia coli	520		DNA restriction-modification system [GO:0009307]; methylation [GO:0032259]
P11295	L-lysine N6-monooxygenase (EC 1.14.13.59) (Lysine 6-N-hydroxylase) (Lysine N6-hydroxylase) (Lysine-N-oxygenase)	iucD aerA	Escherichia coli	425		aerobactin biosynthetic process [GO:0019270]
P23070	Retron Ec86 reverse transcriptase (Ec86-RT) (EC 2.7.7.49) (ORF320) (Reverse transcriptase) (RT)	ret LM2_00877	Escherichia coli	320	"DOMAIN 34..248; /note=""Reverse transcriptase""; /evidence=""ECO:0000255|PROSITE-ProRule:PRU00405"""	defense response to virus [GO:0051607]
P37755	Phosphomannomutase (PMM) (EC 5.4.2.8)	manB rfbK rfbK2	Escherichia coli	456		GDP-mannose biosynthetic process [GO:0009298]; O antigen biosynthetic process [GO:0009243]
Q07736	Type I restriction enzyme EcoAI endonuclease subunit (EcoAI) (R protein) (EC 3.1.21.3)	hsdR hsr	Escherichia coli	810	"DOMAIN 183..343; /note=""Helicase ATP-binding""; /evidence=""ECO:0000255|PROSITE-ProRule:PRU00541""; DOMAIN 412..575; /note=""Helicase C-terminal""; /evidence=""ECO:0000255|PROSITE-ProRule:PRU00542"""	DNA restriction-modification system [GO:0009307]
Q47066	Beta-lactamase Toho-1 (EC 3.5.2.6)	bla	Escherichia coli	291		beta-lactam antibiotic catabolic process [GO:0030655]; response to antibiotic [GO:0046677]
Q5ZND2	Type III restriction-modification enzyme EcoP15I Res subunit (EC 3.1.21.5) (Type III restriction enzyme EcoP15I)	res ecoP15Ires	Escherichia coli	970		DNA restriction-modification system [GO:0009307]
Q8L0V4	Chondroitin synthase (CS) (Chondroitin polymerase) [Includes: Glucuronosyl-N-acetylgalactosaminyl-proteoglycan 4-beta-N-acetylgalactosaminyltransferase (EC 2.4.1.175) (UDP-GalNAc transferase); N-acetylgalactosaminyl-proteoglycan 3-beta-glucuronosyltransferase (EC 2.4.1.226) (UDP-GlcUA transferase)]	kfoC	Escherichia coli	686		
Q99003	F17a-G fimbrial adhesin	f17aG	Escherichia coli	344		adhesion of symbiont to host [GO:0044406]; cell adhesion involved in single-species biofilm formation [GO:0043709]
O50329	Type IV secretion system protein TrwM	trwM virB3	Escherichia coli	104		
O50330	Type IV secretion system ATPase TrwK (EC 3.6.4.6)	trwK virB4	Escherichia coli	823		
O50338	Type IV secretion system ATPase TrwD (EC 3.6.4.6) (Traffic ATPase TrwD)	trwD virB11	Escherichia coli	358		secretion by the type IV secretion system [GO:0044097]
P08083	Colicin-N	cna	Escherichia coli	387		defense response to bacterium [GO:0042742]; defense response to Gram-negative bacterium [GO:0050829]; killing of cells of another organism [GO:0031640]
P0ABE7	Soluble cytochrome b562 (Cytochrome b-562)	cybC	Escherichia coli	128		electron transport chain [GO:0022900]
P0CK94	Heat-labile enterotoxin B chain (LT-B, human) (LTH-B)	eltB ltpB	Escherichia coli	124		
P0DPS1	Primer-independent DNA polymerase PolB (piPolB) (EC 2.7.7.-) (EC 3.1.11.-) (Primer-dependent DNA polymerase PolB) (EC 2.7.7.7)	pi-polB AB47_1109	Escherichia coli	866		DNA repair [GO:0006281]; DNA replication [GO:0006260]
P0DV26	Cytidylate cyclase (EC 4.6.1.6) (Cyclic CMP synthase) (cCMP synthase) (Ec303145PycC)	pycC Ga0100619_101298	Escherichia coli	463	"DOMAIN 122..231; /note=""Guanylate cyclase""; /evidence=""ECO:0000255|PROSITE-ProRule:PRU00099"""	defense response to virus [GO:0051607]; intracellular signal transduction [GO:0035556]
P0DX76	DNA-binding transcriptional repressor CapW (CBASS-associated protein with WYL domain) (CapW) (Ec CapW)	capW HR072_00380 PR06_RS25925	Escherichia coli	299	"DOMAIN 131..211; /note=""WYL""; /evidence=""ECO:0000255|PROSITE-ProRule:PRU01395"""	defense response to virus [GO:0051607]
P13720	Fimbrial adhesin PapGI	papGI	Escherichia coli	335		cell adhesion [GO:0007155]
P22520	Colicin V secretion/processing ATP-binding protein CvaB (EC 3.4.22.-) (EC 7.6.2.-)	cvaB	Escherichia coli	698	"DOMAIN 26..145; /note=""Peptidase C39""; /evidence=""ECO:0000255|PROSITE-ProRule:PRU00362""; DOMAIN 176..458; /note=""ABC transmembrane type-1""; /evidence=""ECO:0000255|PROSITE-ProRule:PRU00441""; DOMAIN 492..698; /note=""ABC transporter""; /evidence=""ECO:0000255|PROSITE-ProRule:PRU00362, ECO:0000255|PROSITE-ProRule:PRU00434"""	bacteriocin transport [GO:0043213]; protein transport [GO:0015031]; proteolysis [GO:0006508]
P22706	Multifunctional conjugation protein TraI [Includes: DNA relaxase TraI (EC 5.6.2.-) (DNA nickase TraI) (Trans-esterase TraI); DNA helicase I (EC 5.6.2.3) (DNA 5'-3' helicase TraI)]	traI	Escherichia coli	1756		
P42270	2-oxo-hept-4-ene-1,7-dioate hydratase (OHED hydratase) (EC 4.2.1.163)	hpcG	Escherichia coli	267		
P55253	Glucose-1-phosphate thymidylyltransferase (EC 2.7.7.24) (dTDP-glucose pyrophosphorylase) (dTDP-glucose synthase)	rmlA rfbA	Escherichia coli	293		dTDP-rhamnose biosynthetic process [GO:0019305]; O antigen biosynthetic process [GO:0009243]; polysaccharide biosynthetic process [GO:0000271]
Q46769	dTDP-4-dehydrorhamnose reductase (EC 1.1.1.133) (dTDP-4-keto-L-rhamnose reductase) (dTDP-6-deoxy-L-lyxo-4-hexulose reductase) (dTDP-6-deoxy-L-mannose dehydrogenase) (dTDP-L-rhamnose synthase)	rfbD rmlD	Escherichia coli	301		dTDP-rhamnose biosynthetic process [GO:0019305]; lipopolysaccharide biosynthetic process [GO:0009103]; O antigen biosynthetic process [GO:0009243]; polysaccharide biosynthetic process [GO:0000271]
Q46971	Microcin N (Colicin 24) (Microcin-24) (Mcc24)	mcnN mtfS	Escherichia coli	89		defense response to bacterium [GO:0042742]; killing of cells of another organism [GO:0031640]
Q47593	Serotype-specific mannosyltransferase WbdA (EC 2.4.1.371) (Bifunctional alpha-(1->2), alpha-(1->3)-mannosyltransferase) (O-antigen chain mannosyltransferase A) (Polymannosyl GlcNAc-diphospho-ditrans,octacis-undecaprenol 2,3-alpha-mannosylpolymerase) [Includes: alpha-(1->2)-mannosyltransferase; alpha-(1->3)-mannosyltransferase]	wbdA mtfA	Escherichia coli	815		O antigen biosynthetic process [GO:0009243]
Q79EC5	Toxin ParE (Gyrase inhibitor ParE)	parE	Escherichia coli	103		plasmid partitioning [GO:0030541]; protein heterotetramerization [GO:0051290]
Q9KIP8	D-tagatose-1,6-bisphosphate aldolase subunit KbaY (TBPA) (TagBP aldolase) (EC 4.1.2.40) (D-tagatose-bisphosphate aldolase class II) (Ketose 1,6-bisphosphate aldolase class II) (Tagatose-bisphosphate aldolase)	kbaY agaY	Escherichia coli	286		carbohydrate metabolic process [GO:0005975]; D-tagatose 6-phosphate catabolic process [GO:2001059]
Q9LA60	Immunoglobulin-binding protein EibA (Trimeric autotransporter adhesin EibA) (TAA EibA) (Type 5 secretion system autotransporter EibA)	eibA	Escherichia coli	392		protein secretion by the type V secretion system [GO:0046819]
P0DX80	3'-5' DNA exonuclease Cap18 (EC 3.1.-.-) (Exodeoxyribonuclease Cap18)	cap18 HR072_00400	Escherichia coli	187	"DOMAIN 9..173; /note=""Exonuclease""; /evidence=""ECO:0000255"""	defense response to virus [GO:0051607]; DNA metabolic process [GO:0006259]
P10089	Alpha-hemolysin translocation ATP-binding protein HlyB	hlyB	Escherichia coli	707	"DOMAIN 3..125; /note=""Peptidase C39""; /evidence=""ECO:0000255|PROSITE-ProRule:PRU00362""; DOMAIN 154..436; /note=""ABC transmembrane type-1""; /evidence=""ECO:0000255|PROSITE-ProRule:PRU00441""; DOMAIN 468..703; /note=""ABC transporter""; /evidence=""ECO:0000255|PROSITE-ProRule:PRU00362, ECO:0000255|PROSITE-ProRule:PRU00434"""	protein secretion by the type I secretion system [GO:0030253]; proteolysis [GO:0006508]
P25239	Type II restriction enzyme and methyltransferase RM.Eco57I (EC 3.1.21.4) (Endonuclease Eco57I) (Type IIS restriction enzyme Eco57I) [Includes: Adenine-specific methyltransferase activity Eco57IA (M.Eco57IA) (EC 2.1.1.72)]	eco57IR	Escherichia coli	998		DNA restriction-modification system [GO:0009307]; methylation [GO:0032259]
P32890	Heat-labile enterotoxin B chain (LT-B, porcine) (LTP-B)	eltB ltpB	Escherichia coli	124		killing of cells of another organism [GO:0031640]
Q3YL96	Toxin CdiA (CdiA-EC93)	cdiA	Escherichia coli	3132		cell adhesion [GO:0007155]
Q46669	Cytolethal distending toxin subunit B (CDT B) (Deoxyribonuclease CdtB) (EC 3.1.-.-)	cdtB	Escherichia coli	269		
Q47317	N(6)-hydroxylysine O-acetyltransferase (EC 2.3.1.102) (N(6)-hydroxylysine acetylase)	iucB	Escherichia coli	315		aerobactin biosynthetic process [GO:0019270]; siderophore biosynthetic process [GO:0019290]
Q57501	4-hydroxyphenylacetate 3-monooxygenase reductase component (EC 1.5.1.36) (4-HPA 3-monooxygenase small component) (Flavin:NADH reductase)	hpaC	Escherichia coli	170		benzene-containing compound metabolic process [GO:0042537]; pyrimidine nucleobase catabolic process [GO:0006208]
Q6XGD4	cUMP-AMP-activated phospholipase (EC 3.1.1.32) (3',3'-cUAMP receptor CapE) (Patatin-like phospholipase)	capE	Escherichia coli	320	"DOMAIN 23..204; /note=""PNPLA""; /evidence=""ECO:0000255|PROSITE-ProRule:PRU01161"""	defense response to virus [GO:0051607]; fatty acid metabolic process [GO:0006631]; lipid catabolic process [GO:0016042]
Q9LA53	Immunoglobulin-binding protein EibE (Trimeric autotransporter adhesin EibE) (TAA EibE) (Type 5 secretion system autotransporter EibE)	eibE	Escherichia coli	487		protein transport [GO:0015031]
Q9R9D6	Lipopolysaccharide core heptose(I) kinase WaaP (EC 2.7.1.235)	waaP rfaP	Escherichia coli	265		lipopolysaccharide core region biosynthetic process [GO:0009244]
Q9ZIT6	Lipopolysaccharide 1,2-glucosyltransferase (EC 2.4.1.58) (UDP-glucose:(galactosyl) LPS alpha 1,2-glucosyltransferase)	waaJ	Escherichia coli	339		lipopolysaccharide core region biosynthetic process [GO:0009244]
B8QSK0	O-antigen biosynthesis glycosyltransferase WclY (EC 2.4.1.-) (Alpha-1,4-N-acetylglucosamine transferase) (Glycosyltransferase) (N-acetylglucosamine transferase) (GlcNAc-T)	wclY	Escherichia coli	353		Gram-negative-bacterium-type cell outer membrane assembly [GO:0043165]; lipopolysaccharide biosynthetic process [GO:0009103]; O antigen biosynthetic process [GO:0009243]
O50335	Type IV secretion system protein TrwG	trwG virB8	Escherichia coli	231		protein secretion by the type IV secretion system [GO:0030255]
P08715	Hemolysin, plasmid	hlyA	Escherichia coli	1024		hemolysis in another organism [GO:0044179]
P0AC11	Dihydropteroate synthase type-2 (EC 2.5.1.15) (Dihydropteroate pyrophosphorylase type II) (Dihydropteroate synthase type II) (DHPS)	sul2 sulII	Escherichia coli	271	"DOMAIN 1..259; /note=""Pterin-binding""; /evidence=""ECO:0000255|PROSITE-ProRule:PRU00334"""	folic acid biosynthetic process [GO:0046656]; response to antibiotic [GO:0046677]; tetrahydrofolate biosynthetic process [GO:0046654]
P0DV86	Retron Ec73 reverse transcriptase (RT) (RT-Ec73) (EC 2.7.7.49)	ret Ga0175965_1548 RG59_11970	Escherichia coli	316	"DOMAIN 1..243; /note=""Reverse transcriptase""; /evidence=""ECO:0000255|PROSITE-ProRule:PRU00405"""	defense response to virus [GO:0051607]
P15319	Chaperone protein PapD	papD	Escherichia coli	239		cell wall organization [GO:0071555]
P16552	Raffinose permease (Raf permease)	rafB	Escherichia coli	425		
P21325	Retron Ec67 protein (ORF4-Ec67 RT) [Includes: RNA-directed DNA polymerase (EC 2.7.7.49) (Reverse transcriptase) (RT); Ribonuclease H (RNase H) (EC 3.1.26.4)]	ret Ga0175966_113075 RG66_23265	Escherichia coli	586	"DOMAIN 29..262; /note=""Reverse transcriptase""; /evidence=""ECO:0000255|PROSITE-ProRule:PRU00405"""	defense response to virus [GO:0051607]
P22995	Antitoxin ParD	parD	Escherichia coli	83		negative regulation of DNA-templated transcription [GO:0045892]; plasmid partitioning [GO:0030541]; protein heterotetramerization [GO:0051290]
Q47112	Colicin-E7 (EC 3.1.-.-)	colE7 cea	Escherichia coli	576		defense response to bacterium [GO:0042742]; killing of cells of another organism [GO:0031640]
Q47341	F17g-G fimbrial adhesin (G fimbriae adhesin) (G lectin)	f17gG gafD	Escherichia coli	343		adhesion of symbiont to host [GO:0044406]; cell adhesion involved in single-species biofilm formation [GO:0043709]
Q9S169	Beta-lactamase SHV-24 (EC 3.5.2.6)	bla shv24	Escherichia coli	286		beta-lactam antibiotic catabolic process [GO:0030655]; response to antibiotic [GO:0046677]
B5L3F2	UDP-Glc:alpha-D-GlcNAc-diphosphoundecaprenol beta-1,3-glucosyltransferase WfgD (EC 2.4.1.305)	wfgD	Escherichia coli	253		lipopolysaccharide biosynthetic process [GO:0009103]
B5T072	UDP-Gal:alpha-D-GlcNAc-diphosphoundecaprenol alpha-1,3-galactosyltransferase (EC 2.4.1.343) (Alpha-1,3-galactosyltransferase WclR) (GalT) (O-antigen biosynthesis galactosyltransferase WclR)	wclR	Escherichia coli	387		O antigen biosynthetic process [GO:0009243]
E1ANH6	Beta-lactamase CTX-M-97 (EC 3.5.2.6)	bla	Escherichia coli	291		beta-lactam antibiotic catabolic process [GO:0030655]; response to antibiotic [GO:0046677]
O33952	UDP-glucose 6-dehydrogenase (UDP-Glc dehydrogenase) (UDP-GlcDH) (UDPGDH) (EC 1.1.1.22)	ugd	Escherichia coli	388		lipopolysaccharide biosynthetic process [GO:0009103]; UDP-glucuronate biosynthetic process [GO:0006065]
O50331	Type IV secretion system protein TrwJ	trwJ virB5	Escherichia coli	226		
P00384	Dihydrofolate reductase type 2 (EC 1.5.1.3) (Dihydrofolate reductase type II)		Escherichia coli	78		one-carbon metabolic process [GO:0006730]; response to antibiotic [GO:0046677]; response to methotrexate [GO:0031427]; response to xenobiotic stimulus [GO:0009410]; tetrahydrofolate biosynthetic process [GO:0046654]
P00557	Hygromycin-B 4-O-kinase (EC 2.7.1.163) (APH(4)) (Hygromycin B phosphotransferase) (Hygromycin-B kinase)	hph	Escherichia coli	341		response to antibiotic [GO:0046677]
P02984	Colicin E3 immunity protein (Colicin E3 chain B) (ImmE3) (Im3) (Microcin-E3 immunity protein)	imm ceiC immB	Escherichia coli	85		bacteriocin immunity [GO:0030153]
P04479	Colicin-Ib	cib	Escherichia coli	626		defense response to Gram-negative bacterium [GO:0050829]; killing of cells of another organism [GO:0031640]
P06716	Colicin-Ia	cia	Escherichia coli	626		defense response to Gram-negative bacterium [GO:0050829]; killing of cells of another organism [GO:0031640]
P08407	Fimbrial protein PapE	papE	Escherichia coli	173		cell adhesion involved in single-species biofilm formation [GO:0043709]
P09984	Protein-lysine myristoyltransferase HlyC (EC 2.3.1.-) (Hemolysin C) (Hemolysin-activating lysine-acyltransferase HlyC) (Toxin-activating protein C, J96)	hlyC	Escherichia coli	170		killing of cells of another organism [GO:0031640]; toxin metabolic process [GO:0009404]
P0A276	Protein MucA (EC 3.4.21.-) [Cleaved into: Protein MucA']	mucA	Escherichia coli	146		DNA repair [GO:0006281]; proteolysis [GO:0006508]; regulation of DNA-templated transcription [GO:0006355]; SOS response [GO:0009432]
P0AE04	2''-aminoglycoside nucleotidyltransferase (EC 2.7.7.46) (AAD(2'')) (Gentamicin 2''-nucleotidyltransferase) (Gentamicin resistance protein)	aadB	Escherichia coli	177		response to antibiotic [GO:0046677]
P0DV36	Arginine ADP-riboxanase OspC3 (EC 4.3.99.-)	ospC3	Escherichia coli	484		
P0DV58	Retron Eco8 OLD nuclease (EC 3.1.-.-)	old ERS139198_01420 Ga0119705_103344	Escherichia coli	750		defense response to virus [GO:0051607]
P13657	Mobilization protein MbeC (Conjugative accessory protein MbeC)	mbeC	Escherichia coli	115		
P14542	Ferric aerobactin receptor (Cloacin receptor)	iutA	Escherichia coli	732	"DOMAIN 43..153; /note=""TBDR plug""; /evidence=""ECO:0000255|PROSITE-ProRule:PRU01360""; DOMAIN 158..732; /note=""TBDR beta-barrel""; /evidence=""ECO:0000255|PROSITE-ProRule:PRU01360"""	aerobactin transport [GO:0019271]; siderophore transmembrane transport [GO:0044718]
P14633	Type II restriction enzyme EcoRII (R.EcoRII) (EC 3.1.21.4) (Endonuclease EcoRII) (Type-2 restriction enzyme EcoRII)	ecoRIIR	Escherichia coli	404		DNA restriction-modification system [GO:0009307]
P18022	Plasmid-derived single-stranded DNA-binding protein (SSB) (Helix-destabilizing protein)	ssb	Escherichia coli	175	"DOMAIN 6..110; /note=""SSB""; /evidence=""ECO:0000255|HAMAP-Rule:MF_00984"""	DNA replication [GO:0006260]
P21867	HTH-type transcriptional regulator RafR (Raffinose operon repressor) (raf repressor)	rafR	Escherichia coli	336	"DOMAIN 2..55; /note=""HTH lacI-type""; /evidence=""ECO:0000255|PROSITE-ProRule:PRU00111"""	
P25240	Type II methyltransferase M.Eco57I (M.Eco57I) (EC 2.1.1.72) (Adenine-specific methyltransferase Eco57IB) (Modification methylase Eco57IB) (Eco57IB)	eco57IBM eco57IM	Escherichia coli	544		DNA restriction-modification system [GO:0009307]; methylation [GO:0032259]
P35272	Chain length determinant protein (Polysaccharide antigen chain regulator)	wzzB cld rol	Escherichia coli	325		lipopolysaccharide biosynthetic process [GO:0009103]
P37741	Mannose-1-phosphate guanylyltransferase (EC 2.7.7.13) (GDP-mannose pyrophosphorylase) (GMP) (GMPP)	manC rfbM	Escherichia coli	464		GDP-mannose biosynthetic process [GO:0009298]; O antigen biosynthetic process [GO:0009243]
P43529	Heat-labile enterotoxin IIB, B chain (LT-IIB)		Escherichia coli	122		
Q00185	Conjugal transfer protein TraG	traG	Escherichia coli	635		
Q46668	Cytolethal distending toxin subunit A (CDT A)	cdtA	Escherichia coli	258	"DOMAIN 125..223; /note=""Ricin B-type lectin""; /evidence=""ECO:0000255|PROSITE-ProRule:PRU00174"""	
Q47033	F17c-G fimbrial adhesin (Adhesin 20K)	f17cG	Escherichia coli	343		adhesion of symbiont to host [GO:0044406]; cell adhesion involved in single-species biofilm formation [GO:0043709]
Q47258	Alpha-hemolysin translocation ATP-binding protein HlyB	hlyB	Escherichia coli	707	"DOMAIN 3..125; /note=""Peptidase C39""; /evidence=""ECO:0000255|PROSITE-ProRule:PRU00362""; DOMAIN 154..436; /note=""ABC transmembrane type-1""; /evidence=""ECO:0000255|PROSITE-ProRule:PRU00441""; DOMAIN 468..703; /note=""ABC transporter""; /evidence=""ECO:0000255|PROSITE-ProRule:PRU00362, ECO:0000255|PROSITE-ProRule:PRU00434"""	protein secretion by the type I secretion system [GO:0030253]; proteolysis [GO:0006508]
Q47282	Type I restriction enzyme EcoEI methylase subunit (M protein) (EC 2.1.1.72) (Type I methyltransferase M.EcoEI) (M.EcoEI)	hsdM	Escherichia coli	490		DNA restriction-modification system [GO:0009307]; methylation [GO:0032259]
Q47450	Fimbrial adhesin PapGII	papGII	Escherichia coli	336		cell adhesion [GO:0007155]
Q47457	Probable sensor protein PcoS (EC 2.7.13.3)	pcoS	Escherichia coli	466	"DOMAIN 193..246; /note=""HAMP""; /evidence=""ECO:0000255|PROSITE-ProRule:PRU00102""; DOMAIN 254..466; /note=""Histidine kinase""; /evidence=""ECO:0000255|PROSITE-ProRule:PRU00107"""	
Q8VNN2	Beta-galactosidase (Beta-gal) (EC 3.2.1.23) (Lactase)	lacZ	Escherichia coli	1029		lactose catabolic process [GO:0005990]
Q9KIP9	D-galactosamine-6-phosphate deaminase AgaS (EC 3.5.99.-) (Gam-6-P deaminase/isomerase)	agaS	Escherichia coli	384	"DOMAIN 45..197; /note=""SIS 1""; /evidence=""ECO:0000255|PROSITE-ProRule:PRU00797""; DOMAIN 215..364; /note=""SIS 2""; /evidence=""ECO:0000255|PROSITE-ProRule:PRU00797"""	carbohydrate derivative metabolic process [GO:1901135]; phosphoenolpyruvate-dependent sugar phosphotransferase system [GO:0009401]
A0A4C3GMC1	Type II secretion system protein J (T2SS protein J) (Cholera toxin secretion protein EpsJ) (General secretion pathway protein J)	gspJ BvCms2454_02423	Escherichia coli	199		protein secretion by the type II secretion system [GO:0015628]
P02981	Tetracycline resistance protein, class C (TetA(C))	tetA	Escherichia coli	396		proton transmembrane transport [GO:1902600]; response to antibiotic [GO:0046677]
P03067	PI protein (Replication initiation protein)	pir	Escherichia coli	305		DNA replication initiation [GO:0006270]
P05101	Type II methyltransferase M.EcoRII (M.EcoRII) (EC 2.1.1.37) (Cytosine-specific methyltransferase EcoRII) (Modification methylase EcoRII)	ecoRIIM	Escherichia coli	477	"DOMAIN 96..466; /note=""SAM-dependent MTase C5-type""; /evidence=""ECO:0000255|PROSITE-ProRule:PRU01016"""	DNA restriction-modification system [GO:0009307]; methylation [GO:0032259]; negative regulation of gene expression via chromosomal CpG island methylation [GO:0044027]
P05834	Bacteriocin microcin B17 (MccB17)	mcbA	Escherichia coli	69		defense response to bacterium [GO:0042742]; killing of cells of another organism [GO:0031640]; negative regulation of DNA replication [GO:0008156]
P05846	Transposon Tn7 transposition protein TnsC (Protein E)	tnsC	Escherichia coli	555		DNA recombination [GO:0006310]; transposition [GO:0032196]
P07110	Outer membrane usher protein PapC	papC	Escherichia coli	836		pilus assembly [GO:0009297]
P0A9Z7	Beta-lactamase SHV-2 (EC 3.5.2.6) (SHV-2A)	bla shv2	Escherichia coli	286		beta-lactam antibiotic catabolic process [GO:0030655]; response to antibiotic [GO:0046677]
P0ABQ7	Dihydrofolate reductase type 8 (EC 1.5.1.3) (DHFR type IIIC) (Dihydrofolate reductase type VIII)	dhfrVIII dhfrIIIc	Escherichia coli	169	"DOMAIN 3..169; /note=""DHFR""; /evidence=""ECO:0000255|PROSITE-ProRule:PRU00660"""	dihydrofolate metabolic process [GO:0046452]; folic acid metabolic process [GO:0046655]; one-carbon metabolic process [GO:0006730]; response to antibiotic [GO:0046677]; response to methotrexate [GO:0031427]; tetrahydrofolate biosynthetic process [GO:0046654]
P0ABW7	CS1 fimbrial subunit A (CS1 pilin)	csoA cooA	Escherichia coli	171		
P0DMC8	Transcriptional regulatory protein RcsB	rcsB	Escherichia coli	216	"DOMAIN 5..124; /note=""Response regulatory""; /evidence=""ECO:0000255|PROSITE-ProRule:PRU00169""; DOMAIN 144..209; /note=""HTH luxR-type""; /evidence=""ECO:0000255|HAMAP-Rule:MF_00981"""	phosphorelay signal transduction system [GO:0000160]; regulation of DNA-templated transcription [GO:0006355]
P0DV25	Pycsar effector protein EcPycTM (EcPycTM)	pycTM Ga0132381_1286	Escherichia coli	185		defense response to virus [GO:0051607]
P0DV59	Retron Eco8 reverse transcriptase (RT) (EC 2.7.7.49)	ret ERS139198_01421 Ga0119705_103345	Escherichia coli	374	"DOMAIN 25..252; /note=""Reverse transcriptase""; /evidence=""ECO:0000255|PROSITE-ProRule:PRU00405"""	defense response to virus [GO:0051607]
P10485	Type I restriction enzyme EcoR124I/EcoR124II specificity subunit (S protein) (Type I restriction enzyme EcoR124/EcoR124/3 specificity subunit) (Type I specificity subunit S.EcoR124II) (S.EcoR124II) (Type-1 restriction enzyme EcoR124I/EcoR124II specificity subunit)	hsdS hss	Escherichia coli	404		DNA restriction-modification system [GO:0009307]
P13479	Colicin-E9 immunity protein (ImmE9) (Microcin-E9 immunity protein)	imm ceiE9	Escherichia coli	86		bacteriocin immunity [GO:0030153]
P14190	K88 fimbrial protein AC (K88 antigen) (K88 pilin)	faeG	Escherichia coli	283		cell adhesion [GO:0007155]
P14509	Aminoglycoside 3'-phosphotransferase (EC 2.7.1.95) (APH(3')VIII) (Kanamycin kinase, type VIII) (Neomycin-kanamycin phosphotransferase type VIII)	aphA	Escherichia coli	271		response to antibiotic [GO:0046677]
P15484	Outer membrane usher protein CS3-2 (CS3 pili synthesis 104 kDa protein)		Escherichia coli	937		pilus assembly [GO:0009297]
P17999	Colicin-E6 (EC 3.1.-.-) (Ribonuclease)		Escherichia coli	551		defense response to bacterium [GO:0042742]; killing of cells of another organism [GO:0031640]
P18103	K99 fimbrial protein	fanC	Escherichia coli	181		cell adhesion [GO:0007155]
P22708	Coupling protein TraD (DNA transport protein TraD)	traD	Escherichia coli	738		
P27422	Dihydrofolate reductase type 7 (EC 1.5.1.3) (Dihydrofolate reductase type VII)	dhfrVII	Escherichia coli	157	"DOMAIN 2..156; /note=""DHFR""; /evidence=""ECO:0000255|PROSITE-ProRule:PRU00660"""	dihydrofolate metabolic process [GO:0046452]; folic acid metabolic process [GO:0046655]; one-carbon metabolic process [GO:0006730]; response to antibiotic [GO:0046677]; response to methotrexate [GO:0031427]; tetrahydrofolate biosynthetic process [GO:0046654]
P28043	Plasmid-derived single-stranded DNA-binding protein (SSB) (Helix-destabilizing protein)	ssb	Escherichia coli	179	"DOMAIN 6..110; /note=""SSB""; /evidence=""ECO:0000255|HAMAP-Rule:MF_00984"""	DNA replication [GO:0006260]
P37742	Phosphomannomutase (PMM) (EC 5.4.2.8)	manB rfbK	Escherichia coli	453		GDP-mannose biosynthetic process [GO:0009298]; O antigen biosynthetic process [GO:0009243]
P42215	3-deoxy-manno-octulosonate cytidylyltransferase (EC 2.7.7.38) (CMP-2-keto-3-deoxyoctulosonic acid synthase) (CKS) (CMP-KDO synthase)	kpsU	Escherichia coli	72		CMP-keto-3-deoxy-D-manno-octulosonic acid biosynthetic process [GO:0033468]; lipopolysaccharide biosynthetic process [GO:0009103]
P42216	3-deoxy-manno-octulosonate cytidylyltransferase (EC 2.7.7.38) (CMP-2-keto-3-deoxyoctulosonic acid synthase) (CKS) (CMP-KDO synthase)	kpsU	Escherichia coli	246		CMP-keto-3-deoxy-D-manno-octulosonic acid biosynthetic process [GO:0033468]; lipopolysaccharide biosynthetic process [GO:0009103]
P50196	Type II methyltransferase M.Eco47II (M.Eco47II) (EC 2.1.1.37) (Cytosine-specific methyltransferase Eco47II) (Modification methylase Eco47II)	eco47IIM	Escherichia coli	417	"DOMAIN 81..414; /note=""SAM-dependent MTase C5-type""; /evidence=""ECO:0000255|PROSITE-ProRule:PRU01016"""	DNA restriction-modification system [GO:0009307]; methylation [GO:0032259]; negative regulation of gene expression via chromosomal CpG island methylation [GO:0044027]; regulation of DNA-templated transcription [GO:0006355]
P55293	dTDP-glucose 4,6-dehydratase (EC 4.2.1.46)	rfbB	Escherichia coli	361		dTDP-rhamnose biosynthetic process [GO:0019305]; lipopolysaccharide biosynthetic process [GO:0009103]; O antigen biosynthetic process [GO:0009243]; polysaccharide biosynthetic process [GO:0000271]
P71276	Retron Ec48 reverse transcriptase (RT-Ec48) (EC 2.7.7.49) (ECOR-58 reverse transcriptase)	ret ERS085376_00284 Ga0119542_1001285	Escherichia coli	408	"DOMAIN 43..269; /note=""Reverse transcriptase""; /evidence=""ECO:0000255|PROSITE-ProRule:PRU00405"""	defense response to virus [GO:0051607]
Q05353	3,4-dihydroxyphenylacetate 2,3-dioxygenase (EC 1.13.11.15) (Homoprotocatechuate 2,3-dioxygenase) (HPC dioxygenase)	hpcB	Escherichia coli	276		
Q3YL97	Outer membrane transporter CdiB	cdiB	Escherichia coli	588	"DOMAIN 104..179; /note=""POTRA""; /evidence=""ECO:0000255|PROSITE-ProRule:PRU01115"""	monoatomic ion transport [GO:0006811]; protein secretion by the type V secretion system [GO:0046819]
Q46666	Retron Ec78 reverse transcriptase (RT) (EC 2.7.7.49)	ret Ga0100609_101822	Escherichia coli	311	"DOMAIN 15..241; /note=""Reverse transcriptase""; /evidence=""ECO:0000255|PROSITE-ProRule:PRU00405"""	defense response to virus [GO:0051607]
Q47334	Arabinose 5-phosphate isomerase KpsF (API) (EC 5.3.1.13) (K-antigen-specific arabinose 5-phosphate isomerase) (K-API) (Polysialic acid capsule expression protein kpsF)	kpsF	Escherichia coli	327	"DOMAIN 48..191; /note=""SIS""; /evidence=""ECO:0000255|PROSITE-ProRule:PRU00797""; DOMAIN 217..273; /note=""CBS 1""; /evidence=""ECO:0000255|PROSITE-ProRule:PRU00703""; DOMAIN 282..327; /note=""CBS 2""; /evidence=""ECO:0000255|PROSITE-ProRule:PRU00703"""	lipopolysaccharide biosynthetic process [GO:0009103]
Q47459	Probable copper-binding protein PcoE	pcoE	Escherichia coli	144		
Q47505	Microcin C7 (MccC7) (Microcin C51) (McC) (MccC51) (Microcin C)	mccA	Escherichia coli	7		defense response to bacterium [GO:0042742]
Q4KXC9	O-antigen biosynthesis glycosyltransferase WbnJ (EC 2.4.1.122) (UDP-Gal:alpha-D-GalNAc-1,3-alpha-D-GalNAc-diphosphoundecaprenol beta-1,3-galactosyltransferase)	wbnJ wbwJ wcmC	Escherichia coli	254		O antigen biosynthetic process [GO:0009243]
Q57160	4-hydroxyphenylacetate 3-monooxygenase oxygenase component (EC 1.14.14.9) (4-HPA 3-hydroxylase) (4-HPA 3-monooxygenase large component)	hpaB	Escherichia coli	520		phenylacetate catabolic process [GO:0010124]
Q8VPC3	Type II secretion system protein I (T2SS minor pseudopilin I) (Putative general secretion pathway protein I)	gspI	Escherichia coli	123		protein secretion by the type II secretion system [GO:0015628]
Q93LM8	Beta-lactamase SHV-34 (EC 3.5.2.6)	bla shv34	Escherichia coli	286		beta-lactam antibiotic catabolic process [GO:0030655]; response to antibiotic [GO:0046677]
Q9EXN5	Probable microcin-H47 secretion/processing ATP-binding protein MchF (EC 3.4.22.-) (EC 7.-.-.-)	mchF	Escherichia coli	698	"DOMAIN 26..145; /note=""Peptidase C39""; /evidence=""ECO:0000255|PROSITE-ProRule:PRU00362""; DOMAIN 176..458; /note=""ABC transmembrane type-1""; /evidence=""ECO:0000255|PROSITE-ProRule:PRU00441""; DOMAIN 492..698; /note=""ABC transporter""; /evidence=""ECO:0000255|PROSITE-ProRule:PRU00362, ECO:0000255|PROSITE-ProRule:PRU00434"""	bacteriocin transport [GO:0043213]; protein transport [GO:0015031]; proteolysis [GO:0006508]
Q9RH91	F17f-G fimbrial adhesin	f17fG	Escherichia coli	343		adhesion of symbiont to host [GO:0044406]; cell adhesion involved in single-species biofilm formation [GO:0043709]
Q9X2W0	Microcin-J25 export ATP-binding/permease protein McjD (Microcin-J25 immunity protein) (Microcin-J25 secretion ATP-binding protein McjD)	mcjD	Escherichia coli	580	"DOMAIN 25..312; /note=""ABC transmembrane type-1""; /evidence=""ECO:0000255|PROSITE-ProRule:PRU00441""; DOMAIN 345..578; /note=""ABC transporter""; /evidence=""ECO:0000255|PROSITE-ProRule:PRU00434"""	bacteriocin immunity [GO:0030153]; bacteriocin transport [GO:0043213]; protein transport [GO:0015031]
Q9XCW4	dTDP-4-amino-4,6-dideoxy-D-glucose transaminase (EC 2.6.1.33)	vioA	Escherichia coli	371		lipopolysaccharide biosynthetic process [GO:0009103]
O08337	Beta-lactamase SHV-8 (EC 3.5.2.6)	bla shv8	Escherichia coli	286		beta-lactam antibiotic catabolic process [GO:0030655]; response to antibiotic [GO:0046677]
O33953	Chain length determinant protein (Polysaccharide antigen chain regulator)	wzzB cld rol	Escherichia coli	325		lipopolysaccharide biosynthetic process [GO:0009103]
O50336	Type IV secretion system protein TrwF	trwF virB9	Escherichia coli	266		
P00645	Cloacin (EC 3.1.-.-) (Ribonuclease)	ccl	Escherichia coli	561		defense response to bacterium [GO:0042742]; killing of cells of another organism [GO:0031640]
P02980	Tetracycline resistance protein, class B (TetA(B)) (Metal-tetracycline/H(+) antiporter)	tetA	Escherichia coli	401		response to antibiotic [GO:0046677]
P04127	Pap fimbrial major pilin protein (Pap pili)	papA	Escherichia coli	185		cell adhesion involved in single-species biofilm formation [GO:0043709]
P04419	Colicin-E2 (EC 3.1.-.-)	col ceaB	Escherichia coli	581		defense response to bacterium [GO:0042742]; killing of cells of another organism [GO:0031640]
P05794	Dihydrofolate reductase type 2 (EC 1.5.1.3) (Dihydrofolate reductase type II)		Escherichia coli	78		one-carbon metabolic process [GO:0006730]; response to antibiotic [GO:0046677]; response to methotrexate [GO:0031427]; response to xenobiotic stimulus [GO:0009410]; tetrahydrofolate biosynthetic process [GO:0046654]
P07111	PAP fimbrial minor pilin protein	papH	Escherichia coli	195		cell adhesion involved in single-species biofilm formation [GO:0043709]
P07674	Transcriptional repressor protein KorB	korB	Escherichia coli	358		chromosome segregation [GO:0007059]; negative regulation of DNA-templated transcription [GO:0045892]
P09882	Colicin-E8 (EC 3.1.-.-)	col	Escherichia coli	205		defense response to bacterium [GO:0042742]; killing of cells of another organism [GO:0031640]
P09985	Protein-lysine myristoyltransferase HlyC (EC 2.3.1.-) (Hemolysin C) (Hemolysin-activating lysine-acyltransferase HlyC) (Toxin-activating protein C, 2001)	hlyC	Escherichia coli	174		killing of cells of another organism [GO:0031640]; toxin metabolic process [GO:0009404]
P09986	Hemolysin secretion protein D, chromosomal	hlyD	Escherichia coli	478		killing of cells of another organism [GO:0031640]; protein secretion by the type I secretion system [GO:0030253]
P0A1V9	Beta-lactamase OXA-2 (EC 3.5.2.6) (Penicillinase)	bla oxa2	Escherichia coli	275		antibiotic catabolic process [GO:0017001]; response to antibiotic [GO:0046677]
P0AD63	Beta-lactamase SHV-1 (EC 3.5.2.6) (PIT-2)	bla shv1	Escherichia coli	286		beta-lactam antibiotic catabolic process [GO:0030655]; response to antibiotic [GO:0046677]
P0CK93	CFA/I fimbrial subunit B (CFA/I antigen) (CFA/I pilin) (Colonization factor antigen I subunit B)	cfaB	Escherichia coli	170		
P0DJ91	Translocated intimin receptor Tir (Secreted effector protein Tir)	tir espE	Escherichia coli	538		
P0DM86	Regulator of diguanylate cyclase RdcA (EC 3.6.-.-) (Clamp-binding protein CrfC) (Clamp-binding sister replication fork colocalization protein) (Regulator of a diguanylate cyclase A)	rdcA crfC yjdA	Escherichia coli	742	"DOMAIN 66..402; /note=""Dynamin-type G""; /evidence=""ECO:0000255|PROSITE-ProRule:PRU01055"""	chromosome segregation [GO:0007059]; DNA replication [GO:0006260]
P0DMP6	O-antigen biosynthesis glycosyltransferase WbnH (EC 2.4.1.306) (UDP-GalNAc:alpha-D-GalNAc-diphosphoundecaprenol alpha-1,3-N-acetylgalactosaminyltransferase)	wbnH wbwH wcmA	Escherichia coli	338		O antigen biosynthetic process [GO:0009243]
P0DX75	ATP nucleosidase Cap17 (EC 3.5.99.-) (MTA/SAH nucleoside phosphorylase)	cap17 HR072_00375	Escherichia coli	505		defense response to virus [GO:0051607]; L-methionine salvage from S-adenosylmethionine [GO:0019284]; nucleoside metabolic process [GO:0009116]
P11731	Dihydrofolate reductase type 5 (EC 1.5.1.3) (Dihydrofolate reductase type V)	dhfrV	Escherichia coli	157	"DOMAIN 2..156; /note=""DHFR""; /evidence=""ECO:0000255|PROSITE-ProRule:PRU00660"""	dihydrofolate metabolic process [GO:0046452]; folic acid metabolic process [GO:0046655]; one-carbon metabolic process [GO:0006730]; response to antibiotic [GO:0046677]; response to methotrexate [GO:0031427]; tetrahydrofolate biosynthetic process [GO:0046654]
P12364	Type III restriction-modification enzyme EcoP15I Mod subunit (M.EcoP15I) (EC 2.1.1.72) (EcoP15I methyltransferase) (Type III methyltransferase M.EcoP15I)	mod ecoP15Imod	Escherichia coli	644		DNA restriction-modification system [GO:0009307]; methylation [GO:0032259]
P13976	Endoribonuclease PemK (EC 3.1.-.-) (Kid toxin protein) (mRNA interferase PemK)	pemK	Escherichia coli	133		mRNA catabolic process [GO:0006402]; rRNA catabolic process [GO:0016075]
P17909	Protein TraJ (Relaxosome protein)	traJ	Escherichia coli	123		
P17998	Colicin-D	cda	Escherichia coli	697		defense response to bacterium [GO:0042742]; killing of cells of another organism [GO:0031640]
P21311	Retron Ec67 DNA adenine methylase (EC 2.1.1.72) (M.Eco67Dam) (ORF1-Ec67 dam) (Orphan methyltransferase M.EcoEc67Dam) (M.EcoEc67Dam)	dam	Escherichia coli	285		DNA replication [GO:0006260]; DNA restriction-modification system [GO:0009307]; methylation [GO:0032259]; mismatch repair [GO:0006298]
P22519	Colicin V secretion protein CvaA	cvaA	Escherichia coli	413		bacteriocin transport [GO:0043213]; protein secretion [GO:0009306]; transmembrane transport [GO:0055085]
P25393	HTH-type transcriptional activator CfaD (CFA/I fimbrial subunit D) (Colonization factor antigen I subunit D)	cfaD	Escherichia coli	265	"DOMAIN 164..261; /note=""HTH araC/xylS-type""; /evidence=""ECO:0000255|PROSITE-ProRule:PRU00593"""	
P28044	Plasmid-derived single-stranded DNA-binding protein (SSB) (Helix-destabilizing protein)	ssb	Escherichia coli	175	"DOMAIN 6..110; /note=""SSB""; /evidence=""ECO:0000255|HAMAP-Rule:MF_00984"""	DNA recombination [GO:0006310]; DNA repair [GO:0006281]; DNA replication [GO:0006260]
P37753	Mannose-1-phosphate guanylyltransferase (EC 2.7.7.13) (GDP-mannose pyrophosphorylase) (GMP) (GMPP)	manC rfbM rfbM1	Escherichia coli	471		GDP-mannose biosynthetic process [GO:0009298]; O antigen biosynthetic process [GO:0009243]
P37754	6-phosphogluconate dehydrogenase, decarboxylating (EC 1.1.1.44)	gnd	Escherichia coli	468		D-gluconate metabolic process [GO:0019521]; pentose-phosphate shunt [GO:0006098]
P40714	Sucrose-6-phosphate hydrolase (Sucrase) (EC 3.2.1.26) (Invertase)	cscA	Escherichia coli	477		sucrose metabolic process [GO:0005985]
P52145	Arsenical pump-driving ATPase (EC 7.3.2.7) (Arsenical resistance ATPase) (Arsenite-translocating ATPase) (Arsenite-transporting ATPase)	arsA	Escherichia coli	583		
P78218	Dihydrofolate reductase type 15 (EC 1.5.1.3) (Dihydrofolate reductase type XV)	dhfrXV dfrXV	Escherichia coli	157	"DOMAIN 2..156; /note=""DHFR""; /evidence=""ECO:0000255|PROSITE-ProRule:PRU00660"""	dihydrofolate metabolic process [GO:0046452]; folic acid metabolic process [GO:0046655]; one-carbon metabolic process [GO:0006730]; response to antibiotic [GO:0046677]; response to methotrexate [GO:0031427]; tetrahydrofolate biosynthetic process [GO:0046654]
Q03084	UDP-Gal:alpha-D-GlcNAc-diphosphoundecaprenol beta-1,3-galactosyltransferase (EC 2.4.1.303)	wbbD	Escherichia coli	275		O antigen biosynthetic process [GO:0009243]
Q46978	4-hydroxyphenylacetate degradation bifunctional isomerase/decarboxylase [Includes: 2-hydroxyhepta-2,4-diene-1,7-dioate isomerase (HHDD isomerase) (EC 5.3.3.10) (5-carboxymethyl-2-hydroxymuconate Delta-isomerase); 5-carboxymethyl-2-oxo-hex-3-ene-1,7-dioate decarboxylase (EC 4.1.1.68) (5-oxopent-3-ene-1,2,5-tricarboxylate decarboxylase) (OPET decarboxylase)]	hpaG	Escherichia coli	429		4-hydroxyphenylacetate catabolic process [GO:1901023]
Q47125	Colicin-10	cta	Escherichia coli	490		defense response to Gram-negative bacterium [GO:0050829]; killing of cells of another organism [GO:0031640]
Q47163	Type I restriction enzyme EcoprrI methylase subunit (M protein) (EC 2.1.1.72) (Type I methyltransferase M.EcoprrI) (M.EcoprrI)	hsdM	Escherichia coli	520		DNA restriction-modification system [GO:0009307]; methylation [GO:0032259]
Q47281	Type I restriction enzyme EcoEI endonuclease subunit (EcoEI) (R protein) (EC 3.1.21.3)	hsdR hsr	Escherichia coli	813	"DOMAIN 181..341; /note=""Helicase ATP-binding""; /evidence=""ECO:0000255|PROSITE-ProRule:PRU00541""; DOMAIN 410..561; /note=""Helicase C-terminal""; /evidence=""ECO:0000255|PROSITE-ProRule:PRU00542"""	DNA restriction-modification system [GO:0009307]
Q47318	Aerobactin synthase (EC 6.3.2.39)	iucC	Escherichia coli	580		aerobactin biosynthetic process [GO:0019270]; siderophore biosynthetic process [GO:0019290]
Q47329	UDP-glucose 6-dehydrogenase (UDP-Glc dehydrogenase) (UDP-GlcDH) (UDPGDH) (EC 1.1.1.22)	kfiD	Escherichia coli	392		capsule polysaccharide biosynthetic process [GO:0045227]; UDP-glucuronate biosynthetic process [GO:0006065]
Q47452	Copper resistance protein A	pcoA	Escherichia coli	605		
Q47502	Colicin-K	cka	Escherichia coli	548		defense response to Gram-negative bacterium [GO:0050829]; killing of cells of another organism [GO:0031640]
Q47592	O-antigen chain terminator bifunctional methyltransferase/kinase WbdD [Includes: 3-O-phospho-polymannosyl GlcNAc-diphospho-ditrans,octacis-undecaprenol 3-phospho-methyltransferase (EC 2.1.1.294); Polymannosyl GlcNAc-diphospho-ditrans,octacis-undecaprenol kinase (EC 2.7.1.181)]	wbdD ORF708	Escherichia coli	708		methylation [GO:0032259]; O antigen biosynthetic process [GO:0009243]
Q58YV9	O-antigen biosynthesis glycosyltransferase WbnK (EC 2.4.1.308) (GDP-Fuc:beta-D-Gal-1,3-alpha-D-GalNAc-1,3-alpha-GalNAc-diphosphoundecaprenol alpha-1,2-fucosyltransferase)	wbnK wbwK wcmD	Escherichia coli	302		O antigen biosynthetic process [GO:0009243]
Q59397	Dihydrofolate reductase type 9 (EC 1.5.1.3) (Dihydrofolate reductase type IX)	dhfrIX	Escherichia coli	177	"DOMAIN 3..167; /note=""DHFR""; /evidence=""ECO:0000255|PROSITE-ProRule:PRU00660"""	dihydrofolate metabolic process [GO:0046452]; folic acid metabolic process [GO:0046655]; one-carbon metabolic process [GO:0006730]; response to antibiotic [GO:0046677]; response to methotrexate [GO:0031427]; tetrahydrofolate biosynthetic process [GO:0046654]
Q6E7F4	dTDP-glucose 4,6-dehydratase (EC 4.2.1.46)	rmlB	Escherichia coli	362		nucleotide-sugar metabolic process [GO:0009225]; O antigen biosynthetic process [GO:0009243]
Q6XGD5	Cyclic UMP-AMP synthase (cUMP-AMP synthase) (EC 2.7.7.-) (3',3'-cUAMP synthase) (cGAS/DncV-like nucleotidyltransferase in E.coli) (CD-NTase056)	cdnE	Escherichia coli	297		defense response to virus [GO:0051607]; nucleotide metabolic process [GO:0009117]
Q8VQ46	Alpha-1,2-colitosyltransferase (ColT) (Colitosyltransferase) (alpha1,2-ColT) (EC 2.4.1.341) (O-antigen biosynthesis glycosyltransferase WbgN)	wbgN BvCmsSIP010_03491 NCTC8959_01925	Escherichia coli	290		O antigen biosynthetic process [GO:0009243]
Q9LC67	Serotype-specific mannosyltransferase WbdA (EC 2.4.1.-) (O-antigen chain mannosyltransferase A)	wbdA	Escherichia coli	815		O antigen biosynthetic process [GO:0009243]
Q9R9D5	Lipopolysaccharide heptosyltransferase 3 (EC 2.4.99.25) (ADP-heptose:lipopolysaccharide heptosyltransferase III) (ADP-heptose:LPS heptosyltransferase III) (Heptosyltransferase III) (HepIII transferase)	waaQ rfaQ	Escherichia coli	340		lipopolysaccharide core region biosynthetic process [GO:0009244]
Q9ZIS7	Lipopolysaccharide core heptose(II) kinase WaaY (EC 2.7.1.-)	waaY rfaY	Escherichia coli	230		lipopolysaccharide core region biosynthetic process [GO:0009244]
O69395	Beta-lactamase Toho-2 (EC 3.5.2.6)	bla	Escherichia coli	289		beta-lactam antibiotic catabolic process [GO:0030655]; response to antibiotic [GO:0046677]
P00472	Type II methyltransferase M.EcoRI (M.EcoRI) (EC 2.1.1.72) (Adenine-specific methyltransferase EcoRI) (Modification methylase EcoRI)	ecoRIM	Escherichia coli	326		DNA restriction-modification system [GO:0009307]; methylation [GO:0032259]
P00484	Chloramphenicol acetyltransferase 3 (EC 2.3.1.28) (Chloramphenicol acetyltransferase III) (CAT-III)	cat3	Escherichia coli	213		response to antibiotic [GO:0046677]
P01559	Heat-stable enterotoxin ST-IA/ST-P (STh) (STp)	sta1	Escherichia coli	72		
P03038	Tetracycline repressor protein class A from transposon 1721	tetR	Escherichia coli	216	"DOMAIN 3..63; /note=""HTH tetR-type""; /evidence=""ECO:0000255|PROSITE-ProRule:PRU00335"""	negative regulation of DNA-templated transcription [GO:0045892]; response to antibiotic [GO:0046677]
P08690	Arsenical pump-driving ATPase (EC 7.3.2.7) (Arsenical resistance ATPase) (Arsenite-translocating ATPase) (Arsenite-transporting ATPase)	arsA	Escherichia coli	583		
P0C2H2	Macrolide export ATP-binding/permease protein MacB (EC 7.6.2.-)	macB etsB O2ColV34	Escherichia coli	646	"DOMAIN 5..243; /note=""ABC transporter""; /evidence=""ECO:0000255|HAMAP-Rule:MF_01720"""	response to antibiotic [GO:0046677]
P0C8J9	D-tagatose-1,6-bisphosphate aldolase subunit GatZ	gatZ	Escherichia coli	420		D-tagatose 6-phosphate catabolic process [GO:2001059]; galactitol metabolic process [GO:0019402]; phosphoenolpyruvate-dependent sugar phosphotransferase system [GO:0009401]
P0C8K1	D-tagatose-1,6-bisphosphate aldolase subunit KbaZ	kbaZ agaZ	Escherichia coli	426		carbohydrate metabolic process [GO:0005975]; D-tagatose 6-phosphate catabolic process [GO:2001059]; phosphoenolpyruvate-dependent sugar phosphotransferase system [GO:0009401]
P0CI32	3-phenylpropionate-dihydrodiol/cinnamic acid-dihydrodiol dehydrogenase (EC 1.3.1.87) (2,3-dihydroxy-2,3-dihydrophenylpropionate dehydrogenase) (3-(cis-5,6-dihydroxycyclohexa-1,3-dien-1-yl)propanoate dehydrogenase) (CI-dihydrodiol dehydrogenase) (Cis-3-(2-carboxyethenyl)-3,5-cyclohexadiene-1,2-diol dehydrogenase) (Cis-3-(2-carboxyethyl)-3,5-cyclohexadiene-1,2-diol dehydrogenase) (PP-dihydrodiol dehydrogenase)	hcaB	Escherichia coli	270		3-phenylpropionate catabolic process [GO:0019380]
P11902	Protein PndA	pndA pnd	Escherichia coli	50		
P11904	Plasmid segregation protein ParM (ParA locus 36 kDa protein) (Protein StbA)	parM stbA	Escherichia coli	320		plasmid partitioning [GO:0030541]
P16553	Raffinose invertase (Invertase) (EC 3.2.1.26)	rafD	Escherichia coli	476		carbohydrate metabolic process [GO:0005975]
P17224	Type I restriction enzyme EcoprrI endonuclease subunit (EcoprrI) (R protein) (EC 3.1.21.3)	prrD orfD	Escherichia coli	313		DNA restriction-modification system [GO:0009307]
P22542	Heat-stable enterotoxin II (STII) (Enterotoxin B) (ST-B)	stiI	Escherichia coli	71		
P22615	Chloramphenicol acetyltransferase 2 (EC 2.3.1.28) (Chloramphenicol acetyltransferase II) (CAT-II)	cmlA	Escherichia coli	213		response to antibiotic [GO:0046677]
P24093	Dr hemagglutinin structural subunit	draA	Escherichia coli	160		
P27189	DNA primase TraC (EC 2.7.7.-) (Replication primase)	traC	Escherichia coli	1061	"DOMAIN 850..938; /note=""Toprim""; /evidence=""ECO:0000255|PROSITE-ProRule:PRU00995"""	DNA replication [GO:0006260]
P42269	5-carboxymethyl-2-hydroxymuconate semialdehyde dehydrogenase (CHMS dehydrogenase) (EC 1.2.1.60)	hpcC	Escherichia coli	468		4-hydroxyphenylacetate catabolic process [GO:1901023]
P43464	Transcriptional activator AggR (AAF/I regulatory protein)	aggR	Escherichia coli	265	"DOMAIN 164..261; /note=""HTH araC/xylS-type""; /evidence=""ECO:0000255|PROSITE-ProRule:PRU00593"""	
P62590	Integrase/recombinase (E2 protein)	int	Escherichia coli	337	"DOMAIN 14..94; /note=""Core-binding (CB)""; /evidence=""ECO:0000255|PROSITE-ProRule:PRU01248""; DOMAIN 112..328; /note=""Tyr recombinase""; /evidence=""ECO:0000255|PROSITE-ProRule:PRU01246"""	DNA integration [GO:0015074]; DNA recombination [GO:0006310]; establishment of integrated proviral latency [GO:0075713]; symbiont entry into host cell [GO:0046718]; viral genome integration into host DNA [GO:0044826]
P69774	Probable UbiX-like flavin prenyltransferase (EC 2.5.1.129) (4-hydroxybenzoate decarboxylase subunit B) (Phenolic acid decarboxylase subunit B)	ecdB pad1	Escherichia coli	197		
Q04515	Dihydrofolate reductase type A10 (EC 1.5.1.3) (Dihydrofolate reductase type X) (DHFRX)	dfrA10 dfr10	Escherichia coli	187	"DOMAIN 2..174; /note=""DHFR""; /evidence=""ECO:0000255|PROSITE-ProRule:PRU00660"""	dihydrofolate metabolic process [GO:0046452]; folic acid metabolic process [GO:0046655]; one-carbon metabolic process [GO:0006730]; response to antibiotic [GO:0046677]; response to methotrexate [GO:0031427]; tetrahydrofolate biosynthetic process [GO:0046654]
Q077R2	UDP-Glc:alpha-D-GlcNAc-diphosphoundecaprenol beta-1,3-glucosyltransferase WfaP (EC 2.4.1.305)	wfaP	Escherichia coli	251		lipopolysaccharide biosynthetic process [GO:0009103]
Q46670	Cytolethal distending toxin subunit C (CDT C)	cdtC	Escherichia coli	181	"DOMAIN 79..181; /note=""Ricin B-type lectin""; /evidence=""ECO:0000255|PROSITE-ProRule:PRU00174"""	
Q47223	Type-1 fimbrial protein, A chain (Type-1A pilin)	fimA	Escherichia coli	184		cell adhesion involved in single-species biofilm formation [GO:0043709]
Q47316	N(2)-citryl-N(6)-acetyl-N(6)-hydroxylysine synthase (EC 6.3.2.38) (Aerobactin synthase IucA)	iucA	Escherichia coli	575		aerobactin biosynthetic process [GO:0019270]; siderophore biosynthetic process [GO:0019290]
Q47456	Transcriptional regulatory protein PcoR	pcoR	Escherichia coli	226	"DOMAIN 3..117; /note=""Response regulatory""; /evidence=""ECO:0000255|PROSITE-ProRule:PRU00169"""	regulation of DNA-templated transcription [GO:0006355]
Q59408	Dihydrofolate reductase type A13 (EC 1.5.1.3) (Dihydrofolate reductase type XIII) (DHFRXIII)	dfrA13 dfr13	Escherichia coli	165	"DOMAIN 7..162; /note=""DHFR""; /evidence=""ECO:0000255|PROSITE-ProRule:PRU00660"""	dihydrofolate metabolic process [GO:0046452]; folic acid metabolic process [GO:0046655]; one-carbon metabolic process [GO:0006730]; response to antibiotic [GO:0046677]; response to methotrexate [GO:0031427]; tetrahydrofolate biosynthetic process [GO:0046654]
Q5JBG6	O-antigen biosynthesis glycosyltransferase WbnI (EC 2.4.1.309) (UDP-Gal:alpha-L-Fuc-1,2-beta-Gal-1,3-alpha-GalNAc-1,3-alpha-GalNAc-diphosphoundecaprenol alpha-1,3-galactosyltransferase)	wbnI wbwI wcmB	Escherichia coli	234		O antigen biosynthetic process [GO:0009243]
Q9RH92	F17e-G fimbrial adhesin	f17eG	Escherichia coli	343		adhesion of symbiont to host [GO:0044406]; cell adhesion involved in single-species biofilm formation [GO:0043709]
O50328	Type IV secretion system pilin protein TrwL (Major pilus component TrwL)	trwL virB2	Escherichia coli	112		
P02970	K88 fimbrial protein AB (K88 antigen) (K88 pilin)	faeG	Escherichia coli	285		cell adhesion [GO:0007155]
P02978	Colicin-E1	cea	Escherichia coli	522		defense response to bacterium [GO:0042742]; defense response to Gram-negative bacterium [GO:0050829]; killing of cells of another organism [GO:0031640]
P04483	Tetracycline repressor protein class B from transposon Tn10	tetR	Escherichia coli	207	"DOMAIN 3..63; /note=""HTH tetR-type""; /evidence=""ECO:0000255|PROSITE-ProRule:PRU00335"""	negative regulation of DNA-templated transcription [GO:0045892]; response to antibiotic [GO:0046677]
P05819	Colicin-B	cba	Escherichia coli	511		defense response to Gram-negative bacterium [GO:0050829]; killing of cells of another organism [GO:0031640]
P06990	Type I restriction enzyme EcoBI specificity subunit (S protein) (Type I specificity subunit S.EcoBI) (S.EcoBI) (Type-1 restriction enzyme EcoBI specificity subunit)	hsdS hss	Escherichia coli	474		DNA restriction-modification system [GO:0009307]
P07661	Citrate-proton symporter (Citrate carrier protein) (Citrate transporter) (Citrate utilization determinant) (Citrate utilization protein A)	citA cit	Escherichia coli	431		citrate metabolic process [GO:0006101]
P0DJ90	Translocated intimin receptor Tir (Secreted effector protein Tir)	tir espE	Escherichia coli	538		
P0DJ92	Translocated intimin receptor Tir (Secreted effector protein Tir)	tir espE	Escherichia coli	558		
P0DMC6	Sensor histidine kinase RcsC (EC 2.7.13.3)	rcsC	Escherichia coli	949	"DOMAIN 357..425; /note=""PAS""; /evidence=""ECO:0000255|HAMAP-Rule:MF_00979""; DOMAIN 476..692; /note=""Histidine kinase""; /evidence=""ECO:0000255|HAMAP-Rule:MF_00979""; DOMAIN 705..805; /note=""ABL""; /evidence=""ECO:0000255|HAMAP-Rule:MF_00979""; DOMAIN 826..940; /note=""Response regulatory""; /evidence=""ECO:0000255|PROSITE-ProRule:PRU00169"""	regulation of DNA-templated transcription [GO:0006355]
P0DX77	CBASS oligonucleotide cyclase CdnC (EC 2.7.7.-) (CD-NTase019)	cdnC HR072_00385	Escherichia coli	314		defense response to virus [GO:0051607]; nucleotide metabolic process [GO:0009117]
P10738	rRNA adenine N-6-methyltransferase (EC 2.1.1.184) (Erythromycin resistance protein) (Macrolide-lincosamide-streptogramin B resistance protein)	ermBC	Escherichia coli	245		response to antibiotic [GO:0046677]
P13810	Heat-labile enterotoxin IIA, A chain (LT-IIA)		Escherichia coli	259		
P14191	K88 fimbrial protein AD (K88 antigen) (K88 pilin)	faeG	Escherichia coli	285		cell adhesion [GO:0007155]
P18000	Colicin-E5 (EC 3.1.-.-)	col	Escherichia coli	180		defense response to bacterium [GO:0042742]; killing of cells of another organism [GO:0031640]
P19704	Type I restriction enzyme EcoAI specificity subunit (S protein) (Type I specificity subunit S.EcoAI) (S.EcoAI) (Type-1 restriction enzyme EcoAI specificity subunit)	hsdS hss	Escherichia coli	589		DNA restriction-modification system [GO:0009307]
P22522	Colicin-V (Microcin-V bacteriocin)	cvaC	Escherichia coli	103		defense response to bacterium [GO:0042742]; killing of cells of another organism [GO:0031640]
P27190	DNA primase TraC (EC 2.7.7.-) (Replication primase)	traC	Escherichia coli	1448	"DOMAIN 1237..1325; /note=""Toprim""; /evidence=""ECO:0000255|PROSITE-ProRule:PRU00995"""	DNA replication [GO:0006260]
P28045	Plasmid-derived single-stranded DNA-binding protein (SSB) (Helix-destabilizing protein)	ssb	Escherichia coli	175	"DOMAIN 6..110; /note=""SSB""; /evidence=""ECO:0000255|HAMAP-Rule:MF_00984"""	DNA replication [GO:0006260]
P35695	Beta-lactamase OXA-7 (EC 3.5.2.6)	bla oxa7	Escherichia coli	266		antibiotic catabolic process [GO:0017001]; cell wall organization [GO:0071555]; response to antibiotic [GO:0046677]
